,source,title,content,url
0,XX 智能客服,太贵了可以少点吗,亲，您的⼼情我们可以理解的哦，每个买家都希望⽤最少的钱淘到最好的产品，这是每⼀个买家的淘⼼声。作为⼚家，⾸先产品的品质您可以放⼼，其次售前售后服务⼀定会让您满意，您购买产品时候不能仅看价格要看其综合的价值哦。,https://caldron.tech/1
1,XX 智能客服,太贵了可以少点吗,亲知道，价格和价值是成⽐例的，您虽然暂时买的⽐较贵，但是从⻓期来说还是很便宜的，优质材料的⾐服成本⾼，但是⽐较耐穿，我们真⼼不希望您买的⾐服在您洗过⼀两次之后就放⾐柜底了。,https://caldron.tech/2
2,XX 智能客服,太贵了可以少点吗,亲，您在购买产品时价钱确实是考虑的⽅⾯，但产品的质量和售后服务才是考量产品好坏的重要因素!这样您能买着放⼼，⽤着舒⼼呀!,https://caldron.tech/3
3,XX 智能客服,太贵了可以少点吗,亲，这款已经是特价了，原价是***元的，公司都是本着薄利多销的原则在经营，⽽且宝⻉都是7天⽆理由退换货的，在您收到货物的7天之内，只要您不满意我们的产品，都是⽆理由退换货的，但请亲注意⼀下，退换的产品不要影响我们的⼆次销售哦。,https://caldron.tech/4
4,XX 智能客服,产品的质量好不好啊？,亲，请放⼼购物，出售的所有商品出⼚前都经过严格质检，发货前会有专业质检⼈员进⾏⼆次检验，⼒求做到⽆质量问题，对本店售出的所有商品提供质量保证及7天⽆理由退换货售后服务。如果您有疑问，请联系我们。,https://caldron.tech/5
5,XX 智能客服,产品的质量好不好啊？,"亲，⾃您收到宝⻉的7天之内，只要您对我们的产品有任何的不满意，您都可以申请退款，但邮
费由您承担，请谅解，谢谢。(温馨提⽰：亲，退回来的商品请保持吊牌完好，不要影响我们的
⼆次销售哦。)",https://caldron.tech/6
6,XX 智能客服,这⾐服有⾊差啊，怎么回事？,您好，本店所有宝⻉的图⽚均为100%实物拍摄，由专业设计师根据产品校正图⽚颜⾊。但由于摄影光线、⻆度以及电脑显⽰器对⽐度不同，会产⽣些许颜⾊差异。烦请以实际收到商品颜⾊为准，如给您带来不便还请您谅解。,https://caldron.tech/7
7,XX 智能客服,这⾐服有⾊差啊，怎么回事？,亲，我们的商品图⽚都是实物拍摄的呢，没有经过特别的PS处理，可能拍摄宝⻉的过程中由于光照原因的影响造成实物和图⽚有⼀点差异，但是我们都是会尽⼒把⾊差范围缩到最⼩。希望亲体谅，祝您购物愉快!,https://caldron.tech/8
8,XX 智能客服,买多⼤的尺码？,"您好,亲,能不能⽅便说⼀下您的⾝⾼,体重及年龄?这样⽅便我们推荐适合您的款式及尺码。",https://caldron.tech/9
9,XX 智能客服,买多⼤的尺码？,亲，根据您提供的信息，我们给您推荐的尺码是*码，这个尺码我们也推荐过很多跟您类似信息的买家。但是由于每个⼈的穿⾐习惯都不同，所以您还可以再根据⼀下您平常所穿的尺码来对⽐⼀下再做决定哦。,https://caldron.tech/10
10,XX 智能客服,会不会褪⾊?清洗⽅便吗?,亲，是⾮常好清洗的，您第⼀次洗的时候会有点未染上的颜⾊褪下来，就像我们把上⾯的灰尘等等洗掉，但是第⼆次开始就不会有这种现象了哦，您可以完全放⼼，⽽且您洗过以后宝⻉的⾊泽都不会有任何变化的(根据不同材质进⾏说明，告知客⼾清洗需要注意的地⽅，⽐如⽻绒被只能⼲洗等等),https://caldron.tech/11
11,XX 智能客服,有什么赠品?,亲，我们这边会赠送⼀套试⽤装和⼀个精美的包装礼盒哟,https://caldron.tech/12
12,XX 智能客服,⾐服上有异味,亲，宝⻉因为存放原因，⼀般都有少许新材料异味，再加上⽣产之后在仓库存放，也会有点⽓味的，过⼀段时间就会消散。⽽且我们使⽤的材质都是达标的，对⼈体⽆害的哦!您可以放⼼!,https://caldron.tech/13
13,XX 智能客服,⾐服上有异味,您好，本店所有商品在⽣产的每个环节中都经过严格确认。如您收到商品存在⽓味，建议您可以将商品挂放在通⻛处吹吹，⼀段时间即可去除味道。,https://caldron.tech/14
14,XX 智能客服,客服在吗？回复太慢了,亲，由于现在咨询的⼈数较多，回复您慢了真是对不起，在这⾥真诚向您道歉，⼩店会加强客服培训，避免以后出现类似的情况。也感谢您对我们店的⽀持，您的光临是我们的动⼒，希望您能够有⼀个完美的购物体验!,https://caldron.tech/15
15,XX 智能客服,客服在吗？回复太慢了,亲，您好，由于光临本店的客⼾⽐较多，客服暂时忙不过来，回复您慢了真的抱歉，我们也恨不得⽣出⼏双⼿来。作为店⻓的我会加强客服培训，避免以后出现类似的情况，您下次光临本店将竭⼒为你提供优质服务,https://caldron.tech/16
